{
  "project_info": {
    "project_number": "100410569413",
    "project_id": "b07projectlogin",
    "storage_bucket": "b07projectlogin.firebasestorage.app"
  },
  "client": [
    {
      "client_info": {
        "mobilesdk_app_id": "1:100410569413:android:c85d1260a404801fd5b6ac",
        "android_client_info": {
          "package_name": "com.example.smartAir"
        }
      },
      "oauth_client": [],
      "api_key": [
        {
          "current_key": "AIzaSyDBPKy8vXzpVgXKYV2Fyo3Ci45xxZn11zM"
        }
      ],
      "services": {
        "appinvite_service": {
          "other_platform_oauth_client": []
        }
      }
    }
  ],
  "configuration_version": "1"
}